0,1,2,3,4,5,6,7,8,9
29.04.20 14:29:59,3.50,3.50,3.50,3.50,75,0,3.50,,0.00
29.04.20 15:14:59,4.15,4.15,4.15,4.15,75,75,3.82,,0.00
29.04.20 15:15:59,4.15,4.15,4.15,4.15,75,75,3.93,,0.00
29.04.20 15:22:59,11.90,11.90,4.15,4.15,375,225,6.50,,0.00
29.04.20 15:25:59,4.55,4.55,4.55,4.55,75,300,6.28,,0.00
29.04.20 15:30:00,8.75,8.75,8.75,8.75,75,300,6.53,,0.00
30.04.20 09:25:59,19.90,19.90,19.90,19.90,75,300,19.90,,0.00
30.04.20 09:44:59,5.50,5.50,5.50,5.50,75,375,12.70,,0.00
30.04.20 09:52:59,12.65,12.65,12.65,12.65,150,300,12.67,,0.00
30.04.20 09:54:59,12.95,12.95,12.95,12.95,75,450,12.73,,0.00
30.04.20 10:00:59,8.10,8.10,8.10,8.10,150,525,11.40,,0.00
30.04.20 10:03:59,12.80,12.80,12.80,12.80,75,375,11.58,,0.00
30.04.20 10:08:59,13.00,13.00,13.00,13.00,75,450,11.73,,0.00
30.04.20 10:10:59,13.90,13.90,13.90,13.90,75,450,11.95,,0.00
30.04.20 10:11:59,13.80,13.80,13.80,13.80,75,450,12.12,,0.00
30.04.20 10:13:59,12.00,12.00,11.80,11.80,150,525,12.08,,0.00
30.04.20 10:14:59,11.15,11.15,11.15,11.15,75,525,12.02,,0.00
30.04.20 10:15:59,8.10,8.10,8.10,8.10,75,525,11.76,,0.00
30.04.20 10:17:59,13.00,13.00,13.00,13.00,75,675,11.83,,0.00
30.04.20 11:14:59,13.00,13.00,13.00,13.00,75,675,11.90,,0.00
30.04.20 11:17:59,13.90,13.90,13.90,13.90,75,675,12.01,,0.00
30.04.20 11:46:59,12.00,12.00,12.00,12.00,450,750,12.01,,0.00
30.04.20 11:52:59,10.20,10.20,10.20,10.20,75,1200,11.94,,0.00
30.04.20 11:54:59,14.00,14.00,14.00,14.00,75,1275,12.01,,0.00
30.04.20 12:06:59,14.50,14.50,14.50,14.50,225,1275,12.27,,0.00
30.04.20 12:11:59,14.00,14.00,14.00,14.00,75,1425,12.33,,0.00
30.04.20 12:22:59,16.50,16.50,16.50,16.50,150,1500,12.59,,0.00
30.04.20 12:25:59,16.45,16.45,15.00,15.00,150,1500,12.77,,0.00
30.04.20 12:26:59,16.00,16.00,15.90,15.90,750,1500,13.48,,0.00
30.04.20 12:27:59,17.00,17.00,16.00,16.00,150,2025,13.62,,525.00
30.04.20 12:29:59,15.00,15.00,14.75,14.75,225,2025,13.70,,0.00
30.04.20 12:42:59,11.55,11.55,11.55,11.55,150,2325,13.61,,0.00
30.04.20 12:55:59,13.95,13.95,13.95,13.95,75,2475,13.62,,0.00
30.04.20 13:13:59,13.85,13.85,13.85,13.85,75,2475,13.62,,0.00
30.04.20 13:26:59,13.85,13.85,13.85,13.85,75,2475,13.63,,0.00
30.04.20 13:54:59,13.85,13.85,13.85,13.85,75,2475,13.63,,0.00
30.04.20 13:59:59,11.65,11.65,11.65,11.65,75,2550,13.59,,0.00
30.04.20 14:02:59,14.90,14.90,14.90,14.90,75,2550,13.62,,0.00
30.04.20 14:05:59,12.55,12.55,12.55,12.55,75,2625,13.60,,0.00
30.04.20 14:22:59,12.55,12.55,12.55,12.55,75,2625,13.58,,0.00
30.04.20 14:23:59,14.65,14.65,14.65,14.65,75,2625,13.60,,0.00
30.04.20 14:27:59,14.45,14.45,14.45,14.45,75,2700,13.61,,0.00
30.04.20 14:30:59,12.10,12.10,12.10,12.10,150,2700,13.56,,0.00
30.04.20 14:31:59,12.00,12.50,12.00,12.50,825,2700,13.34,,0.00
30.04.20 14:32:59,13.95,13.95,13.95,13.95,150,2700,13.33,,0.00
30.04.20 14:34:59,12.05,12.05,12.05,12.05,750,3675,13.18,,0.00
30.04.20 14:35:59,13.00,13.00,13.00,13.00,225,3675,13.18,,0.00
30.04.20 14:36:59,13.00,13.00,12.10,12.10,1050,5100,13.14,,1425.00
30.04.20 14:37:59,12.05,12.05,12.00,12.00,825,5100,13.03,,0.00
30.04.20 14:38:59,11.00,11.00,11.00,11.00,600,5100,12.91,,0.00
30.04.20 14:39:59,11.00,12.25,11.00,12.25,300,6675,12.87,,1575.00
30.04.20 14:40:59,12.20,12.20,11.05,11.05,150,6675,12.85,,0.00
30.04.20 14:41:59,12.20,13.00,12.00,12.00,375,6675,12.83,,0.00
30.04.20 14:43:59,12.00,12.00,12.00,12.00,750,7050,12.77,,0.00
30.04.20 14:57:59,12.05,12.05,12.00,12.00,375,7800,12.75,,0.00
30.04.20 14:59:59,11.50,11.50,10.00,10.00,300,7800,12.70,,0.00
30.04.20 15:00:59,12.00,12.00,12.00,12.00,75,7950,12.69,,150.00
30.04.20 15:04:59,12.00,12.00,12.00,12.00,150,7875,12.68,,0.00
30.04.20 15:08:59,32.00,32.00,32.00,32.00,3975,8025,15.75,,0.00
30.04.20 15:09:59,12.25,13.00,12.25,13.00,1350,11325,15.50,,3300.00
30.04.20 15:10:59,13.00,13.00,13.00,13.00,750,11325,15.40,,0.00
30.04.20 15:12:59,14.80,14.80,13.00,13.10,2700,12150,15.10,,0.00
30.04.20 15:13:59,13.10,13.20,13.10,13.10,1725,12150,14.94,,0.00
30.04.20 15:14:59,13.10,13.20,13.10,13.10,4575,12150,14.63,,0.00
30.04.20 15:15:59,13.10,13.20,13.10,13.20,1275,12150,14.56,,0.00
30.04.20 15:19:59,14.00,16.30,14.00,14.00,1350,19950,14.56,,0.00
30.04.20 15:20:59,13.95,13.95,13.95,13.95,225,19950,14.56,,0.00
30.04.20 15:21:59,14.00,14.00,14.00,14.00,675,19950,14.55,,0.00
30.04.20 15:22:59,14.00,14.00,13.15,13.15,975,20175,14.53,,225.00
30.04.20 15:23:59,15.45,15.45,15.45,15.45,150,20175,14.53,,0.00
30.04.20 15:24:59,14.95,14.95,13.55,14.00,675,20175,14.53,,0.00
30.04.20 15:25:59,14.30,14.30,14.30,14.30,225,20400,14.53,,225.00
30.04.20 15:27:59,14.00,14.00,14.00,14.00,300,20400,14.52,,0.00
30.04.20 15:28:59,15.95,15.95,15.95,15.95,75,20625,14.52,,225.00
30.04.20 15:30:00,15.90,15.90,15.90,15.90,75,20625,14.53,,0.00
04.05.20 09:15:59,19.00,19.00,8.90,8.90,450,20775,13.25,,0.00
04.05.20 09:16:59,13.95,13.95,8.90,8.90,600,20775,11.14,,0.00
04.05.20 09:17:59,8.90,8.90,7.60,7.60,375,21150,10.48,,375.00
04.05.20 09:18:59,8.35,8.35,7.55,7.60,375,21150,9.91,,0.00
04.05.20 09:20:59,7.20,7.20,7.20,7.20,75,22350,9.80,,0.00
04.05.20 09:21:59,6.45,6.55,6.45,6.55,525,22350,9.07,,0.00
04.05.20 09:23:59,7.20,7.25,6.70,6.70,450,21975,8.76,,0.00
04.05.20 09:27:59,8.00,8.00,7.95,7.95,300,21975,8.69,,0.00
04.05.20 09:29:59,7.75,7.80,7.75,7.80,150,21975,8.65,,0.00
04.05.20 09:30:59,7.95,7.95,7.95,7.95,75,21975,8.63,,0.00
04.05.20 09:31:59,7.95,7.95,7.95,7.95,75,21975,8.62,,0.00
04.05.20 09:32:59,8.05,8.05,7.95,7.95,225,22125,8.58,,150.00
04.05.20 09:33:59,8.10,8.10,8.10,8.10,75,22125,8.57,,0.00
04.05.20 09:34:59,8.05,8.05,8.05,8.05,150,22125,8.55,,0.00
04.05.20 09:35:59,8.40,10.00,8.40,9.75,3225,23700,8.92,,1575.00
04.05.20 09:36:59,9.90,9.90,9.00,9.00,2025,23700,9.01,,0.00
04.05.20 09:38:59,10.05,10.05,8.85,8.85,150,22575,9.02,,0.00
04.05.20 09:39:59,8.90,9.05,8.65,8.65,225,22575,9.02,,0.00
04.05.20 09:42:59,9.80,9.80,9.80,9.80,75,22725,9.02,,0.00
04.05.20 09:45:59,8.35,8.40,8.35,8.40,525,22725,8.99,,0.00
04.05.20 09:47:59,9.05,9.05,9.05,9.05,600,23100,8.98,,0.00
04.05.20 09:48:59,8.35,8.35,8.35,8.35,375,23100,8.96,,0.00
04.05.20 09:55:59,8.55,8.55,8.55,8.55,75,23625,8.96,,0.00
04.05.20 09:56:59,8.20,8.20,8.20,8.20,375,23625,8.93,,0.00
04.05.20 09:58:59,8.40,8.40,8.40,8.40,75,24000,8.93,,0.00
04.05.20 09:59:59,8.20,8.20,8.00,8.00,450,24000,8.90,,0.00
04.05.20 10:00:59,8.05,8.05,7.80,7.95,975,24000,8.82,,0.00
04.05.20 10:05:59,7.90,7.90,7.90,7.90,75,23775,8.82,,0.00
04.05.20 10:07:59,8.20,8.20,8.20,8.20,75,23775,8.81,,0.00
04.05.20 10:08:59,8.25,8.25,8.25,8.25,75,23775,8.81,,0.00
04.05.20 10:10:59,8.25,8.25,8.00,8.00,150,23775,8.80,,0.00
04.05.20 10:12:59,8.25,8.25,8.25,8.25,300,23700,8.79,,0.00
04.05.20 10:14:59,8.25,8.25,8.25,8.25,1050,24150,8.75,,0.00
04.05.20 10:15:59,8.35,8.35,8.35,8.35,300,24150,8.74,,0.00
04.05.20 10:17:59,8.35,8.40,8.35,8.40,150,24450,8.74,,0.00
04.05.20 10:18:59,8.50,8.50,8.50,8.50,75,24450,8.74,,0.00
04.05.20 10:19:59,8.50,8.50,8.50,8.50,75,24450,8.74,,0.00
04.05.20 10:21:59,8.55,8.55,8.50,8.50,975,24375,8.73,,0.00
04.05.20 10:23:59,8.25,8.25,8.25,8.25,750,24975,8.70,,0.00
04.05.20 10:24:59,8.20,8.20,8.20,8.20,150,24975,8.70,,0.00
04.05.20 10:25:59,8.20,8.20,8.20,8.20,75,24975,8.70,,0.00
04.05.20 10:30:59,8.20,8.20,8.20,8.20,75,27150,8.70,,0.00
04.05.20 10:32:59,8.20,8.20,8.20,8.20,300,25725,8.69,,0.00
04.05.20 10:33:59,8.10,8.10,8.10,8.10,300,25725,8.68,,0.00
04.05.20 10:34:59,8.10,8.10,8.00,8.00,225,25725,8.67,,0.00
04.05.20 10:37:59,8.05,8.05,8.05,8.05,75,25875,8.67,,0.00
04.05.20 10:41:59,8.05,8.05,8.05,8.05,75,25800,8.66,,0.00
04.05.20 10:42:59,8.00,8.05,8.00,8.05,225,25800,8.66,,0.00
04.05.20 10:43:59,8.05,8.05,8.00,8.00,375,25800,8.64,,0.00
04.05.20 10:44:59,8.00,8.00,8.00,8.00,75,25425,8.64,,-375.00
04.05.20 10:49:59,8.10,8.25,8.10,8.25,525,25350,8.63,,0.00
04.05.20 10:50:59,8.25,8.25,8.25,8.25,300,25350,8.62,,0.00
04.05.20 10:54:59,8.00,8.00,8.00,8.00,375,25800,8.61,,0.00
04.05.20 10:56:59,8.20,8.25,8.20,8.25,225,25800,8.61,,0.00
04.05.20 10:57:59,8.00,8.00,8.00,8.00,225,25575,8.60,,-225.00
04.05.20 10:59:59,8.20,8.20,8.20,8.20,75,25575,8.60,,0.00
04.05.20 11:09:59,8.20,8.20,8.20,8.20,150,25725,8.60,,0.00
04.05.20 11:10:59,8.25,8.25,8.20,8.20,150,25725,8.59,,0.00
04.05.20 11:17:59,8.15,8.15,8.15,8.15,375,25650,8.59,,0.00
04.05.20 11:21:59,8.25,8.45,8.25,8.45,1050,25875,8.57,,0.00
04.05.20 11:30:59,8.20,8.20,8.20,8.20,300,25950,8.57,,0.00
04.05.20 11:37:59,8.20,8.20,8.20,8.20,225,26100,8.56,,0.00
04.05.20 12:05:59,8.25,8.25,8.25,8.25,75,26325,8.56,,0.00
04.05.20 12:21:59,8.30,8.35,8.30,8.35,375,26250,8.56,,0.00
04.05.20 12:24:59,8.45,8.45,8.45,8.45,150,26025,8.56,,0.00
04.05.20 12:25:59,8.35,8.35,8.35,8.35,75,26025,8.56,,0.00
04.05.20 12:26:59,8.45,8.45,8.45,8.45,75,26025,8.56,,0.00
04.05.20 12:27:59,8.25,8.25,8.25,8.25,75,25875,8.55,,-150.00
04.05.20 12:30:59,8.10,8.10,8.10,8.10,75,25875,8.55,,0.00
04.05.20 12:39:59,8.40,8.40,8.40,8.40,75,25800,8.55,,0.00
04.05.20 12:48:59,8.35,8.35,8.15,8.15,300,25725,8.55,,0.00
04.05.20 12:49:59,8.15,8.15,8.15,8.15,75,25725,8.55,,0.00
04.05.20 12:56:59,8.15,8.15,8.15,8.15,150,25875,8.54,,0.00
04.05.20 12:57:59,8.10,8.10,8.00,8.00,375,26025,8.54,,150.00
04.05.20 13:10:59,8.45,8.45,8.45,8.45,75,26175,8.54,,0.00
04.05.20 13:12:59,8.40,8.40,8.40,8.40,75,26175,8.54,,0.00
04.05.20 13:14:59,8.10,8.10,8.10,8.10,150,26175,8.53,,0.00
04.05.20 13:15:59,8.30,8.30,8.30,8.30,150,25950,8.53,,-225.00
04.05.20 13:33:59,8.35,8.35,8.35,8.35,225,25950,8.53,,0.00
04.05.20 13:36:59,8.40,8.40,8.35,8.35,375,26025,8.53,,0.00
04.05.20 13:37:59,8.10,8.20,8.10,8.20,1500,26025,8.51,,0.00
04.05.20 13:40:59,8.45,8.45,8.45,8.45,75,27000,8.51,,0.00
04.05.20 13:41:59,8.15,8.15,8.05,8.05,450,27000,8.50,,0.00
04.05.20 13:42:59,8.15,8.15,8.15,8.15,600,27375,8.49,,375.00
04.05.20 13:47:59,8.05,8.05,8.05,8.05,150,27975,8.49,,0.00
04.05.20 13:48:59,8.20,8.20,8.20,8.20,75,26550,8.49,,-1425.00
04.05.20 13:49:59,8.15,8.15,8.15,8.15,75,26550,8.49,,0.00
04.05.20 13:58:59,8.35,8.35,8.35,8.35,150,26700,8.49,,0.00
04.05.20 14:00:59,8.35,8.35,8.35,8.35,75,26550,8.49,,0.00
04.05.20 14:02:59,8.35,8.35,8.35,8.35,150,26550,8.49,,0.00
04.05.20 14:09:59,8.35,8.35,8.35,8.35,75,26400,8.49,,0.00
04.05.20 14:21:59,8.30,8.30,8.30,8.30,75,26475,8.49,,0.00
04.05.20 14:24:59,8.15,8.15,8.10,8.10,225,26475,8.48,,0.00
04.05.20 14:27:59,8.00,8.00,8.00,8.00,150,26625,8.48,,0.00
04.05.20 14:31:59,8.05,8.05,8.05,8.05,75,26625,8.48,,0.00
04.05.20 14:35:59,7.90,7.90,7.90,7.90,375,26700,8.47,,0.00
04.05.20 14:37:59,7.95,7.95,7.95,7.95,150,26925,8.47,,0.00
04.05.20 14:42:59,7.80,7.85,7.80,7.85,150,26925,8.47,,0.00
04.05.20 14:43:59,7.85,7.85,7.85,7.85,75,26925,8.47,,0.00
04.05.20 14:46:59,7.85,7.85,7.75,7.75,750,27000,8.45,,0.00
04.05.20 14:47:59,7.80,7.80,7.65,7.65,600,27000,8.44,,0.00
04.05.20 14:48:59,7.75,7.75,7.75,7.75,150,27600,8.43,,600.00
04.05.20 14:49:59,7.75,7.80,7.75,7.80,375,27600,8.43,,0.00
04.05.20 14:51:59,7.80,7.80,7.80,7.80,150,27600,8.42,,0.00
04.05.20 14:52:59,7.70,7.70,7.70,7.70,225,27600,8.42,,0.00
04.05.20 14:55:59,8.00,8.00,8.00,8.00,75,27600,8.42,,0.00
04.05.20 15:05:59,8.10,8.10,8.10,8.10,75,27225,8.42,,0.00
04.05.20 15:10:59,8.35,8.35,8.35,8.35,75,27225,8.42,,0.00
04.05.20 15:12:59,8.00,8.00,8.00,8.00,375,27225,8.41,,0.00
04.05.20 15:15:59,8.15,8.15,8.15,8.15,150,27225,8.41,,0.00
04.05.20 15:18:59,8.15,8.15,8.15,8.15,150,27525,8.41,,0.00
04.05.20 15:20:59,8.15,8.15,8.15,8.15,75,27525,8.41,,0.00
04.05.20 15:22:59,8.10,8.10,7.90,7.95,600,27525,8.40,,0.00
04.05.20 15:23:59,8.05,8.05,8.05,8.05,375,27525,8.40,,0.00
04.05.20 15:24:59,7.85,7.85,7.85,7.85,150,27525,8.40,,0.00
04.05.20 15:25:59,8.00,8.10,8.00,8.10,1800,27450,8.38,,-75.00
04.05.20 15:26:59,8.30,8.30,8.30,8.30,450,27450,8.38,,0.00
04.05.20 15:30:00,8.30,8.45,8.30,8.45,225,29100,8.38,,0.00
05.05.20 09:15:59,19.00,19.00,19.00,19.00,75,27000,19.00,,0.00
05.05.20 09:16:59,7.05,11.90,7.05,11.90,225,27000,12.46,,0.00
05.05.20 09:17:59,10.10,10.10,8.00,8.00,1875,27150,8.98,,150.00
05.05.20 09:18:59,8.00,8.45,8.00,8.40,5025,27150,8.35,,0.00
05.05.20 09:19:59,8.45,8.45,8.35,8.35,1725,27150,8.36,,0.00
05.05.20 09:22:59,8.25,8.25,8.25,8.25,1275,32775,8.34,,0.00
05.05.20 09:25:59,8.05,8.05,8.05,8.05,75,33600,8.34,,0.00
05.05.20 09:26:59,8.05,8.05,8.00,8.00,1050,28650,8.31,,-4950.00
05.05.20 09:28:59,7.85,7.85,7.70,7.70,150,28650,8.30,,0.00
05.05.20 09:30:59,7.60,7.60,7.50,7.50,825,29025,8.25,,0.00
05.05.20 09:32:59,7.65,7.65,7.65,7.65,75,28725,8.25,,0.00
05.05.20 09:33:59,7.70,7.70,7.70,7.70,75,28725,8.25,,0.00
05.05.20 09:35:59,7.95,7.95,7.95,7.95,75,28800,8.24,,0.00
05.05.20 09:36:59,8.00,8.00,8.00,8.00,75,28800,8.24,,0.00
05.05.20 09:42:59,8.00,8.00,8.00,8.00,75,28950,8.24,,0.00
05.05.20 09:44:59,8.10,8.10,8.10,8.10,75,29025,8.24,,0.00
05.05.20 09:53:59,7.70,7.70,7.70,7.70,375,28950,8.23,,0.00
05.05.20 09:55:59,8.05,8.05,8.05,8.05,75,28950,8.22,,0.00
05.05.20 09:56:59,7.85,7.85,7.85,7.85,150,29175,8.22,,225.00
05.05.20 09:59:59,8.25,8.25,8.25,8.25,75,29175,8.22,,0.00
05.05.20 10:00:59,8.25,8.25,8.25,8.25,75,29175,8.22,,0.00
05.05.20 10:05:59,7.80,7.80,7.60,7.60,600,29475,8.20,,0.00
05.05.20 10:06:59,7.60,7.60,7.60,7.60,75,29475,8.19,,0.00
05.05.20 10:08:59,7.40,7.40,7.40,7.40,375,29475,8.17,,0.00
05.05.20 10:19:59,7.65,7.65,7.65,7.65,150,29550,8.17,,0.00
05.05.20 10:20:59,7.55,7.55,7.55,7.55,75,29550,8.17,,0.00
05.05.20 10:21:59,7.80,7.80,7.80,7.80,75,29700,8.16,,150.00
05.05.20 10:22:59,7.70,7.70,7.70,7.70,150,29700,8.16,,0.00
05.05.20 10:23:59,7.80,7.80,7.80,7.80,75,29775,8.16,,75.00
05.05.20 10:41:59,7.45,7.50,7.45,7.50,2625,29700,8.06,,0.00
05.05.20 10:43:59,7.60,7.60,7.55,7.55,225,31425,8.05,,0.00
05.05.20 10:46:59,7.50,7.50,7.50,7.50,300,31575,8.04,,0.00
05.05.20 10:47:59,7.40,7.50,7.40,7.50,600,30750,8.02,,-825.00
05.05.20 10:48:59,7.45,7.50,7.45,7.50,600,30750,8.01,,0.00
05.05.20 10:49:59,7.50,7.50,7.50,7.50,300,30750,8.00,,0.00
05.05.20 10:51:59,7.45,7.45,7.45,7.45,150,30750,8.00,,0.00
05.05.20 10:54:59,7.50,7.50,7.40,7.40,225,30900,7.99,,0.00
05.05.20 10:55:59,7.45,7.50,7.45,7.50,375,30900,7.98,,0.00
05.05.20 10:58:59,7.50,7.50,7.50,7.50,75,29550,7.98,,0.00
05.05.20 11:01:59,7.65,7.65,7.65,7.65,150,29550,7.97,,0.00
05.05.20 11:02:59,7.55,7.55,7.55,7.55,75,29400,7.97,,-150.00
05.05.20 11:03:59,7.60,7.60,7.55,7.55,450,29400,7.96,,0.00
05.05.20 11:10:59,7.30,7.35,7.30,7.35,225,29325,7.96,,0.00
05.05.20 11:16:59,7.50,7.50,7.50,7.50,75,29550,7.96,,0.00
05.05.20 11:20:59,7.35,7.35,7.25,7.25,300,29550,7.95,,0.00
05.05.20 11:28:59,7.35,7.55,7.35,7.55,450,29400,7.94,,0.00
05.05.20 11:29:59,7.60,7.70,7.60,7.70,225,29400,7.93,,0.00
05.05.20 11:33:59,7.55,7.55,7.55,7.55,300,29625,7.93,,0.00
05.05.20 11:34:59,7.50,7.50,7.50,7.50,525,29625,7.92,,0.00
05.05.20 11:38:59,7.30,7.35,7.30,7.35,375,30075,7.91,,0.00
05.05.20 11:43:59,7.35,7.35,7.35,7.35,75,30300,7.91,,0.00
05.05.20 11:51:59,7.40,7.40,7.40,7.40,75,30000,7.91,,0.00
05.05.20 11:52:59,7.45,7.45,7.45,7.45,75,30000,7.91,,0.00
05.05.20 11:59:59,7.30,7.30,7.30,7.30,150,30000,7.90,,0.00
05.05.20 12:00:59,7.10,7.10,7.10,7.10,75,30000,7.90,,0.00
05.05.20 12:03:59,7.05,7.10,7.05,7.10,150,30000,7.89,,0.00
05.05.20 12:07:59,7.20,7.20,7.20,7.20,75,30000,7.89,,0.00
05.05.20 12:16:59,7.00,7.00,7.00,7.00,75,30075,7.89,,0.00
05.05.20 12:20:59,7.15,7.15,7.15,7.15,75,30075,7.89,,0.00
05.05.20 12:21:59,7.25,7.25,7.20,7.20,150,30150,7.88,,75.00
05.05.20 12:26:59,7.05,7.05,7.00,7.00,450,30225,7.87,,0.00
05.05.20 12:34:59,6.95,6.95,6.95,6.95,75,30450,7.86,,0.00
05.05.20 12:39:59,6.85,6.85,6.85,6.85,75,30450,7.86,,0.00
05.05.20 12:40:59,7.00,7.00,7.00,7.00,75,30450,7.86,,0.00
05.05.20 12:41:59,6.95,6.95,6.95,6.95,75,30450,7.86,,0.00
05.05.20 12:43:59,6.95,6.95,6.95,6.95,75,30525,7.85,,0.00
05.05.20 12:44:59,7.00,7.00,7.00,7.00,75,30525,7.85,,0.00
05.05.20 12:45:59,7.15,7.15,7.15,7.15,75,30675,7.85,,150.00
05.05.20 12:49:59,7.25,7.25,7.20,7.20,1275,30675,7.82,,0.00
05.05.20 12:50:59,7.15,7.15,7.15,7.15,300,30675,7.81,,0.00
05.05.20 12:51:59,7.20,7.20,7.15,7.15,150,31350,7.81,,675.00
05.05.20 12:54:59,7.10,7.10,7.10,7.10,75,31200,7.81,,0.00
05.05.20 12:59:59,7.10,7.15,7.10,7.15,300,31200,7.80,,0.00
05.05.20 13:08:59,7.40,7.40,7.40,7.40,150,30900,7.80,,0.00
05.05.20 13:10:59,7.15,7.15,7.15,7.15,150,30900,7.79,,0.00
05.05.20 13:11:59,7.25,7.25,7.25,7.25,75,30900,7.79,,0.00
05.05.20 13:12:59,7.40,7.40,7.40,7.40,75,30900,7.79,,0.00
05.05.20 13:16:59,7.30,7.30,7.30,7.30,75,30825,7.79,,0.00
05.05.20 13:22:59,7.10,7.10,7.10,7.10,75,30900,7.79,,0.00
05.05.20 13:24:59,7.25,7.25,7.25,7.25,75,30900,7.79,,0.00
05.05.20 13:26:59,7.30,7.30,7.30,7.30,75,30900,7.79,,0.00
05.05.20 13:49:59,7.45,7.45,7.25,7.30,375,30975,7.78,,0.00
05.05.20 13:50:59,7.15,7.30,7.10,7.25,750,30975,7.76,,0.00
05.05.20 13:51:59,7.25,7.25,7.25,7.25,75,31050,7.76,,75.00
05.05.20 13:53:59,7.25,7.25,7.25,7.25,75,31050,7.76,,0.00
05.05.20 13:55:59,7.25,7.25,7.25,7.25,75,30975,7.76,,0.00
05.05.20 13:58:59,7.20,7.20,7.20,7.20,75,31050,7.76,,0.00
05.05.20 14:01:59,7.15,7.15,7.15,7.15,75,31125,7.76,,0.00
05.05.20 14:04:59,7.45,7.45,7.25,7.35,450,31125,7.75,,0.00
05.05.20 14:05:59,7.25,7.25,7.25,7.25,225,31125,7.75,,0.00
05.05.20 14:06:59,7.25,7.25,7.25,7.25,75,31200,7.75,,75.00
05.05.20 14:07:59,7.25,7.25,7.15,7.15,225,31200,7.74,,0.00
05.05.20 14:08:59,7.15,7.15,7.10,7.10,150,31200,7.74,,0.00
05.05.20 14:12:59,7.00,7.00,7.00,7.00,150,31200,7.74,,0.00
05.05.20 14:18:59,7.00,7.00,6.85,6.85,450,31350,7.73,,0.00
05.05.20 14:19:59,6.95,6.95,6.95,6.95,75,31350,7.72,,0.00
05.05.20 14:20:59,6.95,6.95,6.95,6.95,75,31350,7.72,,0.00
05.05.20 14:21:59,6.75,6.95,6.75,6.95,375,31575,7.71,,225.00
05.05.20 14:22:59,6.75,6.75,6.75,6.75,75,31575,7.71,,0.00
05.05.20 14:24:59,6.95,6.95,6.70,6.85,300,31425,7.70,,-150.00
05.05.20 14:26:59,6.80,6.80,6.80,6.80,150,31425,7.70,,0.00
05.05.20 14:27:59,6.85,6.85,6.80,6.80,150,31500,7.69,,75.00
05.05.20 14:28:59,7.05,7.05,6.75,6.75,150,31500,7.69,,0.00
05.05.20 14:35:59,6.55,6.55,6.55,6.55,225,31200,7.68,,0.00
05.05.20 14:37:59,6.70,6.70,6.70,6.70,75,31050,7.68,,0.00
05.05.20 14:38:59,6.70,6.70,6.60,6.60,450,31050,7.67,,0.00
05.05.20 14:39:59,6.60,6.60,6.60,6.60,75,31350,7.66,,300.00
05.05.20 14:40:59,6.65,6.65,6.65,6.65,75,31350,7.66,,0.00
05.05.20 14:43:59,6.60,6.70,6.60,6.70,150,31350,7.66,,0.00
05.05.20 14:45:59,6.50,6.50,6.50,6.50,75,31350,7.65,,0.00
05.05.20 14:48:59,6.65,6.65,6.65,6.65,75,31425,7.65,,0.00
05.05.20 14:49:59,6.40,6.40,6.40,6.40,75,31425,7.65,,0.00
05.05.20 14:53:59,6.60,6.65,6.60,6.65,150,31425,7.64,,0.00
05.05.20 15:04:59,6.45,6.45,6.40,6.40,225,31425,7.64,,0.00
05.05.20 15:05:59,6.40,6.40,6.35,6.40,975,31425,7.60,,0.00
05.05.20 15:06:59,6.45,6.45,6.45,6.45,75,30825,7.60,,-600.00
05.05.20 15:08:59,6.55,6.55,6.45,6.45,225,30825,7.59,,0.00
05.05.20 15:09:59,6.45,6.45,6.45,6.45,75,30825,7.59,,0.00
05.05.20 15:12:59,6.40,6.40,6.40,6.40,75,30750,7.59,,0.00
05.05.20 15:16:59,6.40,6.45,6.40,6.45,150,30750,7.58,,0.00
05.05.20 15:25:59,6.25,6.25,6.10,6.10,225,30300,7.57,,0.00
05.05.20 15:28:59,6.15,6.65,6.15,6.65,225,30225,7.57,,0.00
06.05.20 09:27:59,5.55,5.55,5.55,5.55,75,30000,5.55,,0.00
06.05.20 09:28:59,5.65,5.65,5.65,5.65,150,30000,5.61,,0.00
06.05.20 09:29:59,5.65,5.65,5.65,5.65,150,30000,5.63,,0.00
06.05.20 09:30:59,5.65,5.65,5.65,5.65,225,30000,5.63,,0.00
06.05.20 09:33:59,5.50,5.50,5.50,5.50,75,30225,5.62,,0.00
06.05.20 09:38:59,5.50,5.50,5.50,5.50,75,30300,5.61,,0.00
06.05.20 09:39:59,5.55,5.55,5.55,5.55,75,30375,5.60,,75.00
06.05.20 09:40:59,5.50,5.50,5.50,5.50,600,30375,5.56,,0.00
06.05.20 09:45:59,5.40,5.40,5.40,5.40,75,30975,5.55,,0.00
06.05.20 09:48:59,5.45,5.45,5.45,5.45,75,30900,5.54,,0.00
06.05.20 09:50:59,5.40,5.40,5.40,5.40,75,30900,5.54,,0.00
06.05.20 10:47:59,6.65,6.65,6.65,6.65,150,30750,5.63,,0.00
06.05.20 11:08:59,6.25,6.25,6.25,6.25,75,30750,5.65,,0.00
06.05.20 11:45:59,6.20,6.20,6.20,6.20,75,30675,5.67,,0.00
06.05.20 12:03:59,6.35,6.35,6.35,6.35,75,30750,5.70,,0.00
06.05.20 12:50:59,5.80,5.80,5.80,5.80,1875,30750,5.75,,0.00
06.05.20 13:11:59,6.05,6.05,6.00,6.00,150,30750,5.76,,0.00
06.05.20 13:15:59,5.95,5.95,5.95,5.95,75,30825,5.76,,0.00
06.05.20 13:16:59,5.85,5.85,5.85,5.85,75,30825,5.76,,0.00
06.05.20 13:37:59,5.90,5.90,5.90,5.90,75,30825,5.76,,0.00
06.05.20 13:39:59,6.25,6.25,6.25,6.25,75,30825,5.77,,0.00
06.05.20 14:17:59,5.75,5.75,5.75,5.75,75,30900,5.77,,0.00
06.05.20 14:25:59,5.60,5.60,5.60,5.60,150,30900,5.77,,0.00
06.05.20 14:36:59,5.60,5.60,5.60,5.60,75,30825,5.76,,0.00
06.05.20 14:37:59,5.60,5.60,5.60,5.60,75,30825,5.76,,0.00
06.05.20 15:01:59,5.60,5.60,5.55,5.55,225,30825,5.75,,0.00
06.05.20 15:02:59,5.60,5.60,5.60,5.60,75,30825,5.75,,0.00
06.05.20 15:15:59,5.95,5.95,5.95,5.95,150,31050,5.75,,0.00
06.05.20 15:25:59,5.40,5.40,5.40,5.40,225,31200,5.74,,0.00
06.05.20 15:26:59,5.25,5.25,5.25,5.25,525,31200,5.70,,0.00
06.05.20 15:28:59,6.05,6.05,5.25,5.30,450,31275,5.69,,0.00
06.05.20 15:30:00,5.30,5.30,5.30,5.30,150,31275,5.68,,0.00
07.05.20 09:18:59,5.00,5.00,4.95,4.95,150,31650,4.97,,0.00
07.05.20 09:20:59,5.35,5.35,4.60,4.60,225,31650,4.90,,0.00
07.05.20 09:55:59,4.85,4.85,4.85,4.85,150,31500,4.88,,0.00
07.05.20 10:00:59,5.20,5.20,4.85,4.85,600,31650,4.94,,0.00
07.05.20 10:05:59,4.65,4.65,4.65,4.65,75,31725,4.92,,0.00
07.05.20 10:08:59,5.00,5.00,5.00,5.00,75,31650,4.93,,0.00
07.05.20 10:11:59,4.85,4.90,4.85,4.90,450,31650,4.91,,0.00
07.05.20 10:20:59,4.80,4.80,4.80,4.80,75,31800,4.91,,0.00
07.05.20 10:28:59,4.70,4.70,4.65,4.65,675,31800,4.84,,0.00
07.05.20 10:29:59,4.75,4.75,4.75,4.75,375,32100,4.83,,300.00
07.05.20 10:30:59,4.65,4.65,4.65,4.65,600,32100,4.80,,0.00
07.05.20 10:36:59,4.75,4.75,4.75,4.75,75,32400,4.80,,0.00
07.05.20 10:39:59,4.70,4.70,4.70,4.70,75,32475,4.79,,0.00
07.05.20 10:40:59,4.75,4.75,4.75,4.75,75,32475,4.79,,0.00
07.05.20 10:42:59,4.60,4.60,4.60,4.60,75,32475,4.79,,0.00
07.05.20 10:47:59,4.70,4.70,4.70,4.70,75,32475,4.79,,0.00
07.05.20 10:55:59,4.60,4.60,4.60,4.60,75,32475,4.78,,0.00
07.05.20 10:58:59,4.55,4.55,4.55,4.55,75,32475,4.78,,0.00
07.05.20 11:07:59,4.50,4.50,4.50,4.50,75,32550,4.77,,0.00
07.05.20 11:11:59,4.50,4.50,4.50,4.50,75,32625,4.77,,0.00
07.05.20 11:15:59,4.60,4.60,4.60,4.60,450,32625,4.75,,0.00
07.05.20 11:36:59,4.55,4.55,4.50,4.50,150,32700,4.74,,0.00
07.05.20 11:37:59,4.55,4.55,4.55,4.55,75,32700,4.74,,0.00
07.05.20 11:38:59,4.50,4.50,4.50,4.50,75,32700,4.74,,0.00
07.05.20 11:40:59,4.45,4.45,4.45,4.45,150,32775,4.73,,0.00
07.05.20 11:42:59,4.50,4.50,4.50,4.50,300,32850,4.71,,0.00
07.05.20 11:48:59,4.80,4.80,4.80,4.80,300,32700,4.72,,0.00
07.05.20 11:50:59,4.50,4.50,4.50,4.50,150,32700,4.71,,0.00
07.05.20 11:51:59,4.55,4.55,4.55,4.55,225,32700,4.71,,0.00
07.05.20 11:54:59,4.50,4.50,4.50,4.50,75,32775,4.70,,0.00
07.05.20 11:57:59,4.45,4.45,4.45,4.45,150,32850,4.70,,0.00
07.05.20 12:01:59,4.50,4.50,4.50,4.50,75,32925,4.69,,0.00
07.05.20 12:04:59,4.40,4.50,4.40,4.40,1125,32925,4.65,,0.00
07.05.20 12:15:59,4.40,4.40,4.40,4.40,75,33825,4.65,,0.00
07.05.20 12:33:59,4.40,4.40,4.40,4.40,150,33900,4.64,,0.00
07.05.20 12:35:59,4.40,4.40,4.40,4.40,75,33900,4.64,,0.00
07.05.20 12:36:59,4.35,4.35,4.35,4.35,675,33975,4.62,,75.00
07.05.20 12:41:59,4.25,4.25,4.25,4.25,150,34650,4.61,,0.00
07.05.20 12:42:59,4.40,4.40,4.40,4.40,300,34650,4.60,,0.00
07.05.20 12:51:59,4.45,4.45,4.45,4.45,525,34350,4.59,,0.00
07.05.20 12:56:59,4.45,4.45,4.45,4.45,75,34350,4.59,,0.00
07.05.20 13:00:59,4.35,4.35,4.35,4.35,225,33900,4.58,,0.00
07.05.20 13:09:59,4.35,4.35,4.35,4.35,75,0,4.58,,0.00
07.05.20 13:10:59,4.50,4.50,4.50,4.50,300,34125,4.58,,0.00
07.05.20 13:11:59,4.45,4.70,4.45,4.70,1875,34125,4.58,,0.00
07.05.20 13:12:59,4.55,4.55,4.55,4.55,300,34650,4.58,,525.00
07.05.20 13:13:59,4.10,4.10,4.10,4.10,1500,34650,4.53,,0.00
07.05.20 13:15:59,4.35,4.35,4.35,4.35,1050,36150,4.52,,0.00
07.05.20 13:16:59,4.45,4.45,4.45,4.45,150,36150,4.52,,0.00
07.05.20 13:21:59,4.40,4.40,4.40,4.40,75,36150,4.52,,0.00
07.05.20 13:30:59,4.40,4.40,4.40,4.40,75,34950,4.52,,0.00
07.05.20 13:40:59,4.35,4.35,4.35,4.35,375,34950,4.51,,0.00
07.05.20 13:44:59,4.15,4.15,4.15,4.15,2400,35250,4.47,,0.00
07.05.20 13:45:59,4.30,4.30,4.30,4.30,150,34800,4.47,,-450.00
07.05.20 13:46:59,4.35,4.35,4.35,4.35,75,34800,4.47,,0.00
07.05.20 13:51:59,4.45,4.45,4.45,4.45,675,35175,4.47,,0.00
07.05.20 14:10:59,4.45,4.45,4.45,4.45,150,33600,4.47,,0.00
07.05.20 14:17:59,4.45,4.45,4.45,4.45,75,33675,4.47,,0.00
07.05.20 14:22:59,4.40,4.40,4.40,4.40,75,33600,4.47,,0.00
07.05.20 14:37:59,4.40,4.40,4.40,4.40,525,33525,4.46,,0.00
07.05.20 14:52:59,4.45,4.45,4.40,4.40,225,33000,4.46,,0.00
07.05.20 14:53:59,4.30,4.30,4.30,4.30,75,33000,4.46,,0.00
07.05.20 14:55:59,4.55,4.55,4.45,4.55,525,33150,4.46,,0.00
07.05.20 14:56:59,4.55,4.55,4.55,4.55,75,33150,4.46,,0.00
07.05.20 14:58:59,4.55,4.55,4.50,4.50,225,33375,4.47,,0.00
07.05.20 14:59:59,4.50,4.50,4.45,4.45,375,33375,4.47,,0.00
07.05.20 15:10:59,4.60,4.60,4.60,4.60,150,33675,4.47,,0.00
07.05.20 15:13:59,4.50,4.50,4.50,4.50,150,33825,4.47,,0.00
07.05.20 15:15:59,4.45,4.45,4.45,4.45,225,33675,4.47,,0.00
07.05.20 15:18:59,4.60,4.60,4.60,4.60,225,33900,4.47,,0.00
07.05.20 15:26:59,4.20,4.20,4.20,4.20,300,33900,4.46,,0.00
08.05.20 09:15:59,6.95,8.10,6.95,8.10,300,33750,7.53,,0.00
08.05.20 09:18:59,5.00,5.00,5.00,5.00,525,33975,5.93,,0.00
08.05.20 09:19:59,5.05,5.05,5.05,5.05,375,33975,5.65,,0.00
08.05.20 09:20:59,5.10,5.10,5.10,5.10,300,34650,5.54,,675.00
08.05.20 09:22:59,4.85,4.85,4.85,4.85,75,34650,5.51,,0.00
08.05.20 09:23:59,4.45,4.50,4.45,4.50,1050,34650,5.20,,0.00
08.05.20 09:28:59,4.50,4.50,4.35,4.50,900,35400,5.00,,0.00
08.05.20 09:29:59,4.40,4.40,4.40,4.40,75,36000,4.99,,600.00
08.05.20 09:32:59,4.45,4.45,4.45,4.45,75,36000,4.98,,0.00
08.05.20 09:33:59,4.30,4.40,4.30,4.40,150,35850,4.95,,-150.00
08.05.20 09:34:59,4.60,4.65,4.60,4.65,225,35850,4.94,,0.00
08.05.20 09:35:59,4.45,4.50,4.40,4.40,525,35700,4.88,,-150.00
08.05.20 09:43:59,4.05,4.05,4.05,4.05,75,35925,4.87,,0.00
08.05.20 09:44:59,4.05,4.05,4.05,4.05,300,35925,4.82,,0.00
08.05.20 10:14:59,3.90,3.90,3.90,3.90,75,35625,4.80,,0.00
08.05.20 10:15:59,3.95,4.00,3.90,3.90,4500,35625,4.38,,0.00
08.05.20 10:16:59,3.90,3.90,3.90,3.90,375,35625,4.36,,0.00
08.05.20 10:22:59,3.85,3.85,3.85,3.85,225,35700,4.35,,0.00
08.05.20 10:23:59,3.80,3.80,3.80,3.80,75,35775,4.34,,75.00
08.05.20 10:31:59,3.85,3.85,3.85,3.85,150,35775,4.34,,0.00
08.05.20 10:38:59,4.00,4.00,4.00,4.00,600,35925,4.32,,0.00
08.05.20 11:00:59,4.00,4.00,4.00,4.00,75,35925,4.31,,0.00
08.05.20 11:12:59,3.95,4.05,3.95,4.05,450,35925,4.30,,0.00
08.05.20 11:13:59,4.00,4.00,4.00,4.00,2100,35925,4.25,,0.00
08.05.20 11:32:59,3.90,3.90,3.90,3.90,150,38475,4.25,,0.00
08.05.20 11:50:59,3.85,3.85,3.80,3.80,525,38625,4.24,,0.00
08.05.20 11:54:59,3.75,3.75,3.75,3.75,75,38775,4.23,,0.00
08.05.20 11:56:59,3.75,3.75,3.75,3.75,75,38775,4.23,,0.00
08.05.20 11:58:59,3.80,3.85,3.80,3.85,375,38775,4.22,,0.00
08.05.20 11:59:59,3.85,3.85,3.85,3.85,75,38775,4.22,,0.00
08.05.20 12:00:59,3.85,3.85,3.85,3.85,225,38400,4.21,,-375.00
08.05.20 12:08:59,3.85,3.85,3.85,3.85,75,38025,4.21,,0.00
08.05.20 12:12:59,3.65,3.65,3.60,3.65,225,38025,4.20,,0.00
08.05.20 12:13:59,3.60,3.60,3.60,3.60,1950,38025,4.13,,0.00
08.05.20 12:43:59,3.55,3.55,3.55,3.55,75,36525,4.13,,0.00
08.05.20 12:47:59,3.60,3.60,3.60,3.60,225,36525,4.12,,0.00
08.05.20 12:48:59,3.55,3.55,3.55,3.55,750,36750,4.10,,225.00
08.05.20 12:50:59,3.55,3.55,3.55,3.55,150,36750,4.10,,0.00
08.05.20 12:53:59,3.60,3.60,3.60,3.60,75,37425,4.09,,0.00
08.05.20 12:58:59,3.60,3.60,3.60,3.60,75,37425,4.09,,0.00
08.05.20 12:59:59,3.55,3.55,3.55,3.55,75,37425,4.09,,0.00
08.05.20 13:01:59,3.40,3.40,3.40,3.40,900,37425,4.06,,0.00
08.05.20 13:05:59,3.45,3.45,3.45,3.45,150,36825,4.05,,0.00
08.05.20 13:06:59,3.50,3.50,3.50,3.50,300,36900,4.05,,75.00
08.05.20 13:08:59,3.50,3.50,3.50,3.50,150,36900,4.04,,0.00
08.05.20 13:28:59,3.45,3.45,3.45,3.45,150,36450,4.04,,0.00
08.05.20 13:30:59,3.45,3.45,3.45,3.45,75,36450,4.04,,0.00
08.05.20 13:33:59,3.45,3.45,3.45,3.45,300,36450,4.03,,0.00
08.05.20 13:35:59,3.45,3.45,3.45,3.45,150,36450,4.02,,0.00
08.05.20 13:36:59,3.45,3.45,3.45,3.45,75,36450,4.02,,0.00
08.05.20 13:38:59,3.45,3.45,3.45,3.45,150,36300,4.02,,0.00
08.05.20 13:53:59,3.55,3.55,3.55,3.55,75,36000,4.01,,0.00
08.05.20 14:01:59,3.50,3.50,3.45,3.45,225,36075,4.01,,0.00
08.05.20 14:03:59,3.50,3.50,3.50,3.50,75,35925,4.01,,0.00
08.05.20 14:06:59,3.45,3.45,3.45,3.45,150,35925,4.00,,0.00
08.05.20 14:11:59,3.40,3.40,3.40,3.40,75,35775,4.00,,0.00
08.05.20 14:12:59,3.35,3.35,3.25,3.30,1350,35700,3.96,,-75.00
08.05.20 14:13:59,3.30,3.30,3.30,3.30,300,35700,3.95,,0.00
08.05.20 14:15:59,3.20,3.30,3.20,3.30,1050,36750,3.92,,0.00
08.05.20 14:18:59,3.30,3.30,3.30,3.30,1275,37350,3.89,,600.00
08.05.20 14:20:59,3.30,3.30,3.30,3.30,300,37350,3.88,,0.00
08.05.20 14:23:59,3.35,3.35,3.35,3.35,150,35475,3.88,,0.00
08.05.20 14:33:59,3.20,3.20,3.20,3.20,450,35175,3.87,,0.00
08.05.20 14:34:59,3.25,3.30,3.25,3.30,225,35175,3.86,,0.00
08.05.20 14:35:59,3.20,3.20,3.20,3.20,75,35175,3.86,,0.00
08.05.20 14:39:59,3.20,3.20,3.20,3.20,300,35100,3.85,,0.00
08.05.20 14:43:59,3.30,3.30,3.30,3.30,75,35175,3.85,,0.00
08.05.20 14:46:59,3.30,3.30,3.30,3.30,150,35175,3.85,,0.00
08.05.20 14:47:59,3.50,3.50,3.50,3.50,75,35175,3.85,,0.00
08.05.20 14:52:59,3.50,3.50,3.50,3.50,1050,34725,3.84,,0.00
08.05.20 14:53:59,3.50,3.50,3.50,3.50,1050,34725,3.82,,0.00
08.05.20 15:08:59,3.20,3.20,3.20,3.20,525,34350,3.81,,0.00
08.05.20 15:11:59,3.45,3.45,3.45,3.45,150,34350,3.81,,0.00
08.05.20 15:17:59,3.15,3.15,3.15,3.15,75,34275,3.81,,0.00
08.05.20 15:21:59,3.15,3.15,3.15,3.15,300,34275,3.80,,0.00
08.05.20 15:26:59,3.50,3.50,3.50,3.50,150,34050,3.80,,0.00
08.05.20 15:28:59,3.85,3.85,3.85,3.85,75,34200,3.80,,0.00
11.05.20 09:27:59,3.30,3.30,3.30,3.30,75,34200,3.30,,0.00
11.05.20 09:38:59,3.30,3.30,3.30,3.30,75,34275,3.30,,0.00
11.05.20 09:45:59,3.35,3.35,3.35,3.35,75,34350,3.31,,0.00
11.05.20 10:29:59,3.15,3.15,3.15,3.15,75,34425,3.27,,0.00
11.05.20 10:35:59,3.00,3.00,3.00,3.00,150,34500,3.18,,0.00
11.05.20 10:37:59,2.90,2.90,2.90,2.90,75,34500,3.14,,0.00
11.05.20 10:38:59,2.85,2.85,2.70,2.70,225,34350,3.02,,-150.00
11.05.20 10:39:59,2.70,2.70,2.70,2.70,150,34350,2.97,,0.00
11.05.20 10:42:59,3.15,3.15,3.15,3.15,75,34275,2.98,,0.00
11.05.20 11:25:59,2.70,2.70,2.70,2.70,150,34275,2.95,,0.00
11.05.20 11:36:59,3.10,3.10,3.10,3.10,75,34200,2.95,,0.00
11.05.20 12:34:59,2.70,2.70,2.70,2.70,150,34275,2.93,,0.00
11.05.20 12:36:59,2.70,2.70,2.70,2.70,75,34275,2.91,,0.00
11.05.20 12:47:59,2.70,2.70,2.70,2.70,75,34275,2.90,,0.00
11.05.20 13:00:59,2.70,2.70,2.70,2.70,75,34275,2.89,,0.00
11.05.20 13:48:59,2.75,2.75,2.75,2.75,75,34275,2.89,,0.00
11.05.20 14:39:59,2.80,2.80,2.80,2.80,75,34350,2.88,,0.00
11.05.20 14:40:59,2.80,2.80,2.80,2.80,75,34350,2.88,,0.00
11.05.20 14:47:59,2.70,2.70,2.70,2.70,75,34350,2.87,,0.00
11.05.20 15:01:59,2.65,2.65,2.65,2.65,75,34350,2.86,,0.00
11.05.20 15:02:59,2.65,2.65,2.65,2.65,150,34350,2.85,,0.00
11.05.20 15:16:59,2.70,2.70,2.70,2.70,300,34200,2.83,,0.00
11.05.20 15:26:59,2.70,2.70,2.70,2.70,450,33900,2.81,,0.00
11.05.20 15:28:59,3.20,3.20,3.20,3.20,75,33450,2.82,,0.00
11.05.20 15:30:00,2.80,2.80,2.75,2.75,150,33450,2.81,,0.00
12.05.20 09:16:59,2.25,2.25,2.25,2.25,75,33525,2.25,,0.00
12.05.20 09:19:59,2.95,2.95,2.25,2.25,300,33600,2.52,,0.00
12.05.20 09:22:59,2.45,2.45,2.45,2.45,75,33750,2.50,,0.00
12.05.20 09:37:59,2.40,2.40,2.40,2.40,1500,33825,2.42,,0.00
12.05.20 09:40:59,2.40,2.45,2.40,2.45,3600,33825,2.42,,0.00
12.05.20 09:44:59,2.45,2.45,2.45,2.45,75,33825,2.42,,0.00
12.05.20 10:07:59,2.40,2.40,2.40,2.40,300,33750,2.42,,0.00
12.05.20 10:08:59,2.30,2.30,2.30,2.30,75,33750,2.42,,0.00
12.05.20 10:10:59,2.25,2.25,2.25,2.25,75,33750,2.41,,0.00
12.05.20 10:11:59,2.25,2.25,2.25,2.25,75,33750,2.41,,0.00
12.05.20 10:21:59,2.35,2.35,2.35,2.35,75,33750,2.41,,0.00
12.05.20 10:26:59,2.45,2.45,2.45,2.45,1425,33750,2.41,,0.00
12.05.20 10:28:59,2.40,2.40,2.40,2.40,75,33750,2.41,,0.00
12.05.20 10:36:59,2.45,2.45,2.45,2.45,450,33750,2.41,,0.00
12.05.20 10:57:59,2.50,2.50,2.50,2.50,150,33300,2.41,,0.00
12.05.20 11:23:59,2.50,2.50,2.50,2.50,150,33300,2.41,,0.00
12.05.20 11:26:59,2.60,2.60,2.60,2.60,1050,33300,2.43,,0.00
12.05.20 11:42:59,2.60,2.60,2.60,2.60,300,33300,2.44,,0.00
12.05.20 11:59:59,2.55,2.55,2.55,2.55,150,33300,2.44,,0.00
12.05.20 12:00:59,2.55,2.55,2.50,2.50,1950,33300,2.45,,0.00
12.05.20 12:02:59,2.50,2.50,2.50,2.50,600,33300,2.45,,0.00
12.05.20 12:42:59,2.65,2.65,2.65,2.65,225,33000,2.46,,0.00
12.05.20 12:47:59,2.45,2.45,2.45,2.45,75,32925,2.46,,0.00
12.05.20 12:54:59,2.55,2.55,2.55,2.55,225,32850,2.46,,0.00
12.05.20 13:06:59,2.70,2.70,2.70,2.70,75,33075,2.46,,0.00
12.05.20 13:16:59,2.85,2.85,2.85,2.85,300,33075,2.47,,0.00
12.05.20 13:17:59,2.70,2.70,2.70,2.70,900,33075,2.48,,0.00
12.05.20 13:21:59,2.80,2.80,2.80,2.80,450,34125,2.49,,0.00
12.05.20 13:25:59,2.70,2.70,2.70,2.70,300,34575,2.50,,0.00
12.05.20 13:28:59,2.75,2.75,2.75,2.75,900,34725,2.51,,0.00
12.05.20 13:29:59,2.75,2.75,2.75,2.75,75,34725,2.51,,0.00
12.05.20 13:30:59,2.75,2.75,2.75,2.75,150,35325,2.51,,600.00
12.05.20 13:31:59,2.70,2.75,2.70,2.75,975,35325,2.52,,0.00
12.05.20 13:33:59,2.65,2.65,2.65,2.65,75,35775,2.52,,0.00
12.05.20 13:43:59,2.65,2.65,2.65,2.65,75,35775,2.52,,0.00
12.05.20 13:45:59,2.70,2.70,2.70,2.70,300,35775,2.53,,0.00
12.05.20 14:07:59,2.75,2.75,2.75,2.75,75,35775,2.53,,0.00
12.05.20 14:15:59,2.80,2.80,2.80,2.80,75,35850,2.53,,0.00
12.05.20 14:17:59,2.75,2.75,2.75,2.75,300,35850,2.53,,0.00
12.05.20 14:21:59,2.75,2.75,2.75,2.75,750,35775,2.54,,0.00
12.05.20 14:31:59,2.80,2.80,2.80,2.80,225,35700,2.54,,0.00
12.05.20 14:32:59,2.90,2.90,2.90,2.90,300,35700,2.55,,0.00
12.05.20 14:42:59,2.85,2.85,2.85,2.85,75,35700,2.55,,0.00
12.05.20 14:55:59,3.00,3.00,3.00,3.00,300,35625,2.56,,0.00
12.05.20 14:58:59,3.60,3.60,3.55,3.55,300,35325,2.57,,0.00
12.05.20 15:02:59,3.25,3.25,3.25,3.25,300,35250,2.58,,0.00
12.05.20 15:03:59,3.25,3.25,3.20,3.20,375,35400,2.59,,150.00
12.05.20 15:04:59,3.15,3.15,3.15,3.15,750,35400,2.61,,0.00
12.05.20 15:19:59,3.20,3.20,3.20,3.20,450,35550,2.62,,0.00
12.05.20 15:21:59,3.25,3.25,3.25,3.25,300,35550,2.63,,0.00
12.05.20 15:26:59,3.20,3.20,3.10,3.10,675,35400,2.65,,0.00
12.05.20 15:27:59,3.15,3.15,3.15,3.15,150,35400,2.65,,0.00
12.05.20 15:28:59,3.15,3.15,3.15,3.15,150,35550,2.65,,150.00
13.05.20 09:15:59,7.00,7.00,6.95,6.95,150,35550,6.97,,0.00
13.05.20 09:16:59,3.30,7.00,3.30,5.90,675,35550,5.13,,0.00
13.05.20 09:19:59,4.25,6.25,4.25,6.00,525,35400,5.17,,0.00
13.05.20 09:20:59,3.45,6.00,3.45,6.00,375,35475,5.09,,75.00
13.05.20 09:21:59,5.95,5.95,5.00,5.00,150,35475,5.12,,0.00
13.05.20 09:22:59,5.95,5.95,5.00,5.00,150,35475,5.15,,0.00
13.05.20 09:29:59,5.15,5.15,5.15,5.15,75,35475,5.15,,0.00
13.05.20 09:31:59,5.20,5.20,5.20,5.20,150,35475,5.15,,0.00
13.05.20 09:32:59,5.20,5.20,5.20,5.20,300,35475,5.15,,0.00
13.05.20 09:33:59,5.20,5.25,5.20,5.25,450,35475,5.16,,0.00
13.05.20 09:34:59,5.35,5.35,5.35,5.35,300,35475,5.18,,0.00
13.05.20 09:39:59,5.95,5.95,5.95,5.95,300,35850,5.23,,0.00
13.05.20 09:40:59,5.00,5.00,5.00,5.00,75,35850,5.23,,0.00
13.05.20 09:41:59,4.00,4.00,4.00,4.00,75,35400,5.20,,-450.00
13.05.20 09:43:59,5.40,5.40,5.40,5.40,750,35400,5.23,,0.00
13.05.20 09:46:59,3.70,3.70,3.70,3.70,75,36075,5.21,,0.00
13.05.20 09:52:59,5.40,5.40,5.40,5.40,75,36000,5.21,,0.00
13.05.20 09:56:59,4.50,4.50,4.50,4.50,225,36075,5.18,,0.00
13.05.20 10:01:59,5.90,5.90,5.90,5.90,75,36000,5.19,,0.00
13.05.20 10:09:59,5.45,5.45,5.45,5.45,75,36075,5.19,,0.00
13.05.20 10:10:59,4.75,5.45,4.75,5.45,150,36075,5.19,,0.00
13.05.20 10:11:59,5.05,5.05,5.05,5.05,75,36075,5.19,,0.00
13.05.20 10:14:59,4.80,4.80,4.80,4.80,75,36075,5.18,,0.00
13.05.20 10:16:59,5.00,5.00,5.00,5.00,150,36075,5.18,,0.00
13.05.20 10:34:59,4.95,4.95,4.95,4.95,375,36075,5.16,,0.00
13.05.20 10:41:59,4.70,5.20,4.70,5.20,225,36450,5.16,,0.00
13.05.20 10:46:59,5.00,5.00,5.00,5.00,75,36450,5.16,,0.00
13.05.20 10:52:59,5.00,5.00,5.00,5.00,75,36525,5.15,,0.00
13.05.20 10:59:59,4.95,4.95,4.95,4.95,150,36600,5.15,,0.00
13.05.20 11:01:59,4.95,4.95,4.95,4.95,75,36600,5.15,,0.00
13.05.20 11:03:59,4.50,4.50,2.00,4.20,9300,36675,3.96,,0.00
13.05.20 11:04:59,4.65,4.65,4.45,4.45,225,36675,3.96,,0.00
13.05.20 11:05:59,4.45,4.45,4.25,4.25,375,45225,3.97,,8550.00
13.05.20 11:06:59,4.25,4.25,4.25,4.25,300,45225,3.98,,0.00
13.05.20 11:08:59,4.35,4.35,4.35,4.35,750,45225,3.99,,0.00
13.05.20 11:18:59,4.35,4.35,4.35,4.35,75,43125,3.99,,0.00
13.05.20 11:20:59,4.00,4.00,4.00,4.00,150,43125,3.99,,0.00
13.05.20 11:31:59,4.00,4.00,4.00,4.00,75,42975,3.99,,0.00
13.05.20 11:36:59,4.00,4.00,4.00,4.00,75,42975,3.99,,0.00
13.05.20 12:39:59,4.00,4.00,4.00,4.00,75,42975,3.99,,0.00
13.05.20 12:40:59,3.95,3.95,3.95,3.95,75,42975,3.99,,0.00
13.05.20 12:41:59,3.95,3.95,3.95,3.95,150,42975,3.99,,0.00
13.05.20 12:43:59,3.95,3.95,3.95,3.95,150,42675,3.99,,0.00
13.05.20 12:45:59,3.90,3.90,3.90,3.90,600,42675,3.99,,0.00
13.05.20 12:47:59,3.90,3.90,3.90,3.90,150,42675,3.99,,0.00
13.05.20 12:49:59,3.90,3.90,3.90,3.90,75,42225,3.99,,0.00
13.05.20 12:50:59,3.90,3.90,3.90,3.90,150,42225,3.99,,0.00
13.05.20 12:51:59,3.90,3.90,3.90,3.90,300,42000,3.99,,-225.00
13.05.20 13:03:59,3.90,3.90,3.90,3.90,150,41475,3.99,,0.00
13.05.20 13:04:59,3.90,3.90,3.90,3.90,75,41475,3.98,,0.00
13.05.20 13:10:59,3.90,3.90,3.90,3.90,300,41250,3.98,,0.00
13.05.20 13:11:59,3.90,3.90,3.90,3.90,150,41250,3.98,,0.00
13.05.20 13:13:59,3.90,4.00,3.90,4.00,225,41250,3.98,,0.00
13.05.20 13:14:59,4.00,4.00,4.00,4.00,450,41250,3.98,,0.00
13.05.20 13:16:59,4.15,4.15,4.15,4.15,150,41100,3.98,,0.00
13.05.20 13:18:59,4.10,4.10,4.10,4.10,150,40800,3.98,,0.00
13.05.20 13:19:59,4.40,4.40,4.40,4.40,150,40800,3.99,,0.00
13.05.20 13:20:59,4.25,4.35,4.25,4.35,600,40800,4.00,,0.00
13.05.20 13:21:59,4.40,4.40,4.40,4.40,150,41100,4.00,,300.00
13.05.20 13:22:59,4.40,4.40,4.40,4.40,150,41100,4.00,,0.00
13.05.20 13:24:59,4.35,4.35,4.30,4.30,300,41250,4.01,,0.00
13.05.20 13:25:59,4.00,4.00,4.00,4.00,600,41250,4.01,,0.00
13.05.20 13:26:59,4.25,4.25,4.25,4.25,150,41250,4.01,,0.00
13.05.20 13:31:59,4.00,4.00,4.00,4.00,600,41100,4.01,,0.00
13.05.20 13:32:59,4.55,4.55,4.50,4.50,2775,41100,4.12,,0.00
13.05.20 13:33:59,4.45,4.55,4.45,4.55,3900,41850,4.16,,750.00
13.05.20 13:34:59,4.55,4.65,4.55,4.65,1425,41850,4.18,,0.00
13.05.20 13:35:59,4.50,4.50,4.40,4.40,600,41850,4.19,,0.00
13.05.20 13:36:59,4.40,5.00,4.40,4.55,1350,46650,4.21,,4800.00
13.05.20 13:37:59,4.80,4.80,4.60,4.60,1275,46650,4.23,,0.00
13.05.20 13:38:59,4.75,4.75,4.75,4.75,75,46650,4.23,,0.00
13.05.20 13:45:59,4.75,4.75,4.75,4.75,300,47250,4.23,,0.00
13.05.20 13:46:59,4.95,4.95,4.95,4.95,75,47250,4.23,,0.00
13.05.20 13:47:59,3.25,4.75,3.25,4.70,6675,47250,4.23,,0.00
13.05.20 13:48:59,4.70,4.75,4.70,4.75,1200,46875,4.25,,-375.00
13.05.20 13:51:59,4.75,4.75,4.75,4.75,75,46875,4.25,,0.00
13.05.20 13:55:59,4.55,4.90,4.55,4.90,150,46575,4.25,,0.00
13.05.20 13:57:59,4.90,4.90,4.90,4.90,75,46575,4.25,,0.00
13.05.20 14:05:59,4.85,4.85,4.85,4.85,75,42825,4.25,,0.00
13.05.20 14:13:59,3.70,4.45,3.70,3.80,7275,42825,4.18,,0.00
13.05.20 14:14:59,4.40,4.55,4.40,4.55,750,42825,4.19,,0.00
13.05.20 14:17:59,4.70,4.70,4.70,4.70,75,43950,4.19,,0.00
13.05.20 14:22:59,4.45,4.45,4.45,4.45,150,43950,4.19,,0.00
13.05.20 14:23:59,4.40,4.45,4.40,4.45,675,43950,4.19,,0.00
13.05.20 14:24:59,4.45,4.50,4.45,4.50,1050,42900,4.20,,-1050.00
13.05.20 14:27:59,4.70,4.70,4.70,4.70,525,43050,4.20,,0.00
13.05.20 14:28:59,4.85,4.85,4.85,4.85,150,43050,4.20,,0.00
13.05.20 14:29:59,4.80,4.85,4.80,4.85,600,43050,4.21,,0.00
13.05.20 14:31:59,5.40,5.40,5.40,5.40,150,42975,4.21,,0.00
13.05.20 14:43:59,4.95,4.95,4.95,4.95,75,40125,4.21,,0.00
13.05.20 14:44:59,4.95,4.95,4.95,4.95,75,40125,4.21,,0.00
13.05.20 14:50:59,4.95,4.95,4.95,4.95,75,40125,4.22,,0.00
13.05.20 15:09:59,4.90,4.90,4.90,4.90,75,40200,4.22,,0.00
13.05.20 15:11:59,5.25,6.00,5.25,6.00,4050,40200,4.33,,0.00
13.05.20 15:13:59,5.25,5.45,5.15,5.45,450,42525,4.34,,0.00
13.05.20 15:17:59,5.25,5.35,5.25,5.35,675,42600,4.35,,0.00
13.05.20 15:19:59,5.40,5.50,5.40,5.45,3000,42450,4.40,,0.00
13.05.20 15:25:59,5.60,5.65,5.50,5.50,525,43875,4.41,,0.00
13.05.20 15:26:59,5.45,5.45,5.45,5.45,600,43875,4.42,,0.00
13.05.20 15:27:59,5.00,5.00,5.00,5.00,150,44025,4.42,,150.00
13.05.20 15:30:00,5.75,5.75,5.75,5.75,75,44025,4.42,,0.00
14.05.20 09:15:59,3.55,3.55,3.55,3.55,75,43950,3.55,,0.00
14.05.20 09:17:59,3.55,3.55,3.55,3.55,375,44175,3.55,,0.00
14.05.20 09:18:59,3.55,3.55,3.55,3.55,300,44175,3.55,,0.00
14.05.20 09:20:59,3.60,3.60,3.60,3.60,300,44625,3.56,,0.00
14.05.20 09:21:59,3.50,3.65,3.50,3.50,900,44625,3.54,,0.00
14.05.20 09:34:59,3.00,3.00,3.00,3.00,600,44925,3.41,,0.00
14.05.20 09:35:59,3.00,3.00,3.00,3.00,750,44925,3.32,,0.00
14.05.20 09:37:59,2.25,3.25,2.25,3.25,4050,46125,2.85,,0.00
14.05.20 09:38:59,3.10,3.10,3.10,3.10,75,44625,2.85,,-1500.00
14.05.20 09:39:59,3.10,3.10,3.05,3.05,300,44625,2.86,,0.00
14.05.20 09:40:59,3.10,3.15,3.10,3.15,300,44625,2.87,,0.00
14.05.20 09:41:59,3.15,3.15,3.15,3.15,600,44700,2.89,,75.00
14.05.20 09:42:59,3.10,3.15,3.10,3.15,300,44700,2.90,,0.00
14.05.20 09:43:59,3.15,3.15,3.15,3.15,375,44700,2.91,,0.00
14.05.20 09:45:59,3.15,3.15,3.15,3.15,75,45225,2.91,,0.00
14.05.20 09:51:59,2.70,2.70,2.70,2.70,75,45300,2.91,,0.00
14.05.20 09:55:59,2.95,3.00,2.95,3.00,375,45075,2.91,,0.00
14.05.20 09:57:59,3.10,3.10,3.10,3.10,75,44475,2.91,,0.00
14.05.20 09:59:59,3.10,3.10,3.10,3.10,75,44475,2.91,,0.00
14.05.20 10:03:59,3.05,3.05,3.05,3.05,2175,42900,2.94,,0.00
14.05.20 10:06:59,3.00,3.00,3.00,3.00,600,42900,2.94,,0.00
14.05.20 10:13:59,3.00,3.00,3.00,3.00,1200,40125,2.94,,0.00
14.05.20 10:14:59,2.95,2.95,2.95,2.95,225,40125,2.94,,0.00
14.05.20 10:15:59,2.95,2.95,2.95,2.95,2250,40125,2.94,,0.00
14.05.20 10:17:59,2.90,2.90,2.90,2.90,750,39975,2.94,,0.00
14.05.20 10:18:59,2.90,2.90,2.90,2.90,450,39975,2.94,,0.00
14.05.20 10:20:59,2.90,2.90,2.90,2.90,300,39975,2.94,,0.00
14.05.20 10:31:59,2.85,2.85,2.75,2.75,1800,36600,2.93,,0.00
14.05.20 10:32:59,2.75,2.75,2.75,2.75,900,35175,2.92,,-1425.00
14.05.20 10:33:59,2.75,2.75,2.75,2.75,900,35175,2.91,,0.00
14.05.20 10:34:59,2.75,2.75,2.75,2.75,600,35175,2.91,,0.00
14.05.20 10:35:59,2.75,2.75,2.75,2.75,600,35175,2.90,,0.00
14.05.20 10:36:59,2.75,2.75,2.75,2.75,300,32475,2.90,,-2700.00
14.05.20 10:37:59,2.75,2.75,2.75,2.75,1650,32475,2.89,,0.00
14.05.20 10:38:59,2.75,2.75,2.75,2.75,75,32475,2.89,,0.00
14.05.20 10:41:59,2.75,2.75,2.75,2.75,150,30525,2.89,,0.00
14.05.20 10:43:59,2.80,2.80,2.80,2.80,1575,30450,2.88,,0.00
14.05.20 11:04:59,2.85,2.85,2.85,2.85,75,28950,2.88,,0.00
14.05.20 11:09:59,2.90,2.90,2.90,2.90,75,28875,2.88,,0.00
14.05.20 11:32:59,2.90,2.90,2.90,2.90,150,28800,2.88,,0.00
14.05.20 11:40:59,2.90,2.90,2.90,2.90,75,28650,2.88,,0.00
14.05.20 11:48:59,3.00,3.00,3.00,3.00,600,28650,2.89,,0.00
14.05.20 12:23:59,3.15,3.15,3.15,3.15,75,28050,2.89,,0.00
14.05.20 12:28:59,3.10,3.10,3.10,3.10,150,27975,2.89,,0.00
14.05.20 12:29:59,3.15,3.15,3.15,3.15,75,27975,2.89,,0.00
14.05.20 12:30:59,3.20,3.20,3.20,3.20,75,27975,2.89,,0.00
14.05.20 12:33:59,3.15,3.15,3.15,3.15,75,27975,2.89,,0.00
14.05.20 12:45:59,3.15,3.15,3.15,3.15,75,0,2.89,,0.00
14.05.20 12:46:59,3.20,3.20,3.20,3.20,75,28050,2.89,,0.00
14.05.20 13:45:59,3.45,3.45,3.45,3.45,75,28050,2.89,,0.00
14.05.20 14:17:59,3.35,3.35,3.35,3.35,150,28125,2.90,,0.00
14.05.20 14:23:59,3.30,3.30,3.30,3.30,75,27975,2.90,,0.00
14.05.20 14:25:59,3.25,3.25,3.25,3.25,75,27975,2.90,,0.00
14.05.20 14:35:59,3.35,3.35,3.35,3.35,75,27975,2.90,,0.00
14.05.20 14:36:59,3.35,3.35,3.30,3.30,150,27900,2.90,,-75.00
14.05.20 14:41:59,3.25,3.25,3.25,3.25,75,27825,2.90,,0.00
14.05.20 14:45:59,3.50,3.50,3.50,3.50,75,27750,2.90,,0.00
14.05.20 14:48:59,3.30,3.30,3.30,3.30,75,27675,2.90,,0.00
14.05.20 14:55:59,3.25,3.25,3.20,3.20,375,27600,2.91,,0.00
14.05.20 15:07:59,3.30,3.30,3.30,3.30,225,27450,2.91,,0.00
14.05.20 15:15:59,3.25,3.25,3.25,3.25,150,27225,2.91,,0.00
14.05.20 15:16:59,3.25,3.25,3.25,3.25,150,27225,2.91,,0.00
14.05.20 15:22:59,3.25,3.25,3.25,3.25,300,26925,2.92,,0.00
14.05.20 15:26:59,5.00,5.00,5.00,5.00,450,26625,2.94,,0.00
14.05.20 15:28:59,4.90,4.90,4.90,4.90,150,26475,2.95,,0.00
14.05.20 15:30:00,4.85,4.85,4.80,4.80,150,26475,2.96,,0.00
15.05.20 09:21:59,2.70,2.70,2.65,2.65,375,26700,2.67,,
15.05.20 09:35:59,2.70,2.70,2.70,2.70,75,26475,2.67,,
15.05.20 09:43:59,2.70,2.70,2.70,2.70,75,26475,2.67,,
15.05.20 10:04:59,3.15,3.15,3.15,3.15,75,26475,2.73,,
15.05.20 11:17:59,3.00,3.00,3.00,3.00,150,26475,2.79,,
15.05.20 11:46:59,3.05,3.05,3.05,3.05,75,26475,2.81,,
15.05.20 11:57:59,3.05,3.05,3.05,3.05,300,26475,2.87,,
15.05.20 12:03:59,2.90,2.90,2.90,2.90,75,26325,2.87,,
15.05.20 12:15:59,3.10,3.10,3.10,3.10,225,26325,2.90,,
15.05.20 13:10:59,3.00,3.00,3.00,3.00,75,26475,2.91,,
15.05.20 13:20:59,2.80,2.80,2.80,2.80,300,26550,2.89,,
15.05.20 13:21:59,2.70,2.80,2.70,2.80,750,26700,2.84,,
15.05.20 13:23:59,2.75,2.75,2.75,2.75,150,27150,2.84,,
15.05.20 13:24:59,2.75,2.75,2.75,2.75,900,27150,2.81,,
15.05.20 13:42:59,3.00,3.00,3.00,3.00,75,27150,2.82,,
15.05.20 13:53:59,3.50,3.50,3.50,3.50,75,27150,2.83,,
15.05.20 13:59:59,2.90,2.90,2.90,2.90,75,27225,2.83,,
15.05.20 14:02:59,2.90,2.90,2.90,2.90,75,27225,2.83,,
15.05.20 14:03:59,2.80,2.80,2.80,2.80,75,27300,2.83,,
15.05.20 14:06:59,2.90,2.90,2.90,2.90,75,27225,2.83,,
15.05.20 14:10:59,2.85,2.85,2.85,2.85,75,27300,2.83,,
15.05.20 14:12:59,2.85,2.85,2.85,2.85,75,27300,2.83,,
15.05.20 14:13:59,2.85,2.85,2.85,2.85,75,27300,2.83,,
15.05.20 14:14:59,2.90,2.90,2.90,2.90,525,27300,2.84,,
15.05.20 14:23:59,2.80,2.80,2.80,2.80,750,27300,2.83,,
15.05.20 14:26:59,2.80,2.80,2.80,2.80,300,28050,2.83,,
15.05.20 15:07:59,2.80,2.80,2.75,2.75,375,28050,2.83,,
15.05.20 15:12:59,3.40,3.40,2.75,2.75,450,28350,2.83,,
15.05.20 15:13:59,3.20,3.20,3.20,3.20,75,28350,2.84,,
15.05.20 15:26:59,2.80,2.80,2.80,2.80,300,28200,2.83,,
18.05.20 09:15:59,2.85,2.85,2.80,2.80,300,28200,2.81,,
18.05.20 09:16:59,1.85,1.85,1.85,1.85,1050,28200,2.16,,
18.05.20 09:17:59,2.00,2.00,2.00,2.00,900,28500,2.10,,
18.05.20 09:18:59,2.00,2.00,1.85,1.90,450,28500,2.07,,
18.05.20 09:19:59,2.00,2.00,2.00,2.00,75,28500,2.07,,
18.05.20 09:21:59,1.95,2.00,1.95,2.00,375,28200,2.06,,
18.05.20 09:22:59,2.00,2.00,2.00,2.00,1050,28200,2.04,,
18.05.20 09:27:59,2.15,2.15,2.15,2.15,75,27375,2.04,,
18.05.20 09:37:59,2.10,2.10,2.10,2.10,75,27300,2.05,,
18.05.20 09:40:59,2.15,2.15,2.15,2.15,75,27225,2.05,,
18.05.20 09:51:59,2.20,2.20,2.20,2.20,75,27225,2.05,,
18.05.20 09:53:59,2.30,2.30,2.30,2.30,150,27225,2.06,,
18.05.20 09:55:59,2.30,2.30,2.30,2.30,150,27225,2.06,,
18.05.20 10:01:59,2.20,2.20,2.20,2.20,225,27075,2.07,,
18.05.20 10:04:59,2.25,2.25,2.25,2.25,75,26850,2.07,,
18.05.20 10:06:59,2.35,2.35,2.35,2.35,375,26775,2.09,,
18.05.20 10:10:59,2.40,2.40,2.40,2.40,150,26550,2.10,,
18.05.20 10:18:59,2.40,2.40,2.40,2.40,75,26400,2.10,,
18.05.20 10:46:59,2.35,2.35,2.35,2.35,75,26325,2.11,,
18.05.20 10:58:59,2.40,2.40,2.40,2.40,75,26250,2.11,,
18.05.20 11:14:59,2.35,2.35,2.35,2.35,525,26250,2.13,,
18.05.20 11:16:59,2.40,2.40,2.40,2.40,600,25800,2.15,,
18.05.20 11:28:59,2.50,2.50,2.50,2.50,75,25725,2.16,,
18.05.20 11:34:59,2.35,2.35,2.35,2.35,75,25800,2.16,,
18.05.20 11:40:59,2.35,2.35,2.35,2.35,75,25725,2.16,,
18.05.20 11:42:59,2.35,2.35,2.35,2.35,75,25650,2.16,,
18.05.20 11:43:59,2.35,2.35,2.35,2.35,75,25650,2.16,,
18.05.20 11:51:59,2.35,2.35,2.35,2.35,75,25500,2.17,,
18.05.20 11:52:59,2.50,2.50,2.50,2.50,1050,25500,2.21,,
18.05.20 12:41:59,2.15,2.15,2.15,2.15,450,24750,2.20,,
18.05.20 12:49:59,2.00,2.00,2.00,2.00,3075,24900,2.17,,
18.05.20 12:57:59,2.00,2.00,2.00,2.00,1275,24825,2.15,,
18.05.20 12:58:59,2.00,2.00,2.00,2.00,75,24825,2.15,,
18.05.20 13:06:59,1.95,1.95,1.95,1.95,75,23550,2.15,,
18.05.20 13:07:59,1.90,1.90,1.90,1.90,75,23550,2.15,,
18.05.20 13:09:59,2.00,2.00,2.00,2.00,75,23550,2.15,,
18.05.20 13:23:59,2.00,2.00,2.00,2.00,1050,23550,2.14,,
18.05.20 13:33:59,2.10,2.10,2.10,2.10,150,22800,2.14,,
18.05.20 14:13:59,2.25,2.25,2.25,2.25,375,22800,2.14,,
18.05.20 14:14:59,2.30,2.30,2.30,2.30,375,22800,2.14,,
18.05.20 14:46:59,2.65,3.90,2.65,2.65,3600,22050,2.24,,
18.05.20 14:50:59,2.70,2.70,2.70,2.70,75,20250,2.24,,
18.05.20 14:52:59,2.70,2.70,2.70,2.70,75,20250,2.24,,
18.05.20 14:55:59,2.70,2.70,2.70,2.70,150,20175,2.24,,
18.05.20 15:00:59,2.70,2.70,2.70,2.70,75,20100,2.25,,
18.05.20 15:02:59,2.70,2.70,2.70,2.70,150,20100,2.25,,
18.05.20 15:04:59,2.70,2.70,2.70,2.70,150,20100,2.25,,
18.05.20 15:05:59,2.70,2.70,2.70,2.70,525,20100,2.26,,
18.05.20 15:08:59,2.80,2.80,2.80,2.80,300,20025,2.27,,
18.05.20 15:10:59,3.00,3.00,3.00,3.00,300,20025,2.28,,
18.05.20 15:12:59,2.60,2.60,2.60,2.60,75,20025,2.28,,
18.05.20 15:17:59,2.60,2.60,2.60,2.60,75,20100,2.28,,
18.05.20 15:19:59,2.60,2.60,2.50,2.50,225,20025,2.29,,
18.05.20 15:23:59,2.65,2.65,2.55,2.55,375,20025,2.29,,
18.05.20 15:24:59,2.60,2.60,2.60,2.60,300,19950,2.30,,
18.05.20 15:25:59,2.50,2.50,2.50,2.50,150,19950,2.30,,
18.05.20 15:30:00,2.70,2.70,2.70,2.70,75,19950,2.30,,
19.05.20 09:27:59,2.25,2.25,2.20,2.20,300,19950,2.22,,
19.05.20 09:28:59,2.25,2.25,2.25,2.25,150,19950,2.23,,
19.05.20 09:37:59,2.30,2.30,2.30,2.30,150,19950,2.25,,
19.05.20 09:39:59,2.25,2.25,2.25,2.25,600,19950,2.25,,
19.05.20 09:43:59,2.30,2.30,2.30,2.30,150,20550,2.25,,
19.05.20 09:45:59,2.25,2.25,2.25,2.25,1200,20550,2.25,,
19.05.20 10:10:59,2.35,2.35,2.35,2.35,75,21075,2.25,,
19.05.20 10:12:59,2.35,2.35,2.35,2.35,75,21075,2.25,,
19.05.20 10:13:59,2.40,2.40,2.40,2.40,150,21075,2.26,,
19.05.20 10:14:59,2.45,2.45,2.45,2.45,225,21075,2.27,,
19.05.20 10:17:59,2.00,2.05,2.00,2.05,375,21300,2.25,,
19.05.20 10:58:59,2.35,2.35,2.35,2.35,75,20925,2.25,,
19.05.20 11:15:59,2.35,2.35,2.35,2.35,150,20925,2.25,,
19.05.20 12:30:59,2.40,2.40,2.40,2.40,1650,20925,2.30,,
19.05.20 13:44:59,2.30,2.30,2.30,2.30,75,20775,2.30,,
19.05.20 13:48:59,2.35,2.35,2.35,2.35,75,20775,2.30,,
19.05.20 13:49:59,2.25,2.25,2.25,2.25,75,20775,2.30,,
19.05.20 14:05:59,2.30,2.30,2.30,2.30,75,20775,2.30,,
19.05.20 14:17:59,2.25,2.25,2.25,2.25,150,20850,2.30,,
19.05.20 14:23:59,2.30,2.30,2.30,2.30,150,20700,2.30,,
19.05.20 14:36:59,2.25,2.25,2.25,2.25,75,20850,2.30,,
19.05.20 14:38:59,2.30,2.30,2.30,2.30,150,20850,2.30,,
19.05.20 14:41:59,2.25,2.25,2.15,2.15,600,21000,2.29,,
19.05.20 14:43:59,2.20,2.20,2.20,2.20,225,21075,2.29,,
19.05.20 14:50:59,2.15,2.15,2.05,2.05,1050,21075,2.27,,
19.05.20 15:12:59,2.15,2.20,2.15,2.20,750,21150,2.26,,
19.05.20 15:18:59,2.00,2.00,2.00,2.00,150,21000,2.26,,
19.05.20 15:23:59,2.15,2.15,2.15,2.15,300,20850,2.25,,
19.05.20 15:24:59,2.20,2.20,2.20,2.20,825,20850,2.25,,
19.05.20 15:25:59,2.20,2.20,2.20,2.20,75,20550,2.25,,
19.05.20 15:26:59,2.10,2.10,2.10,2.10,75,20550,2.25,,
20.05.20 09:22:59,1.65,1.65,1.65,1.65,75,20400,1.65,,
20.05.20 09:55:59,2.95,2.95,2.95,2.95,300,20400,2.58,,
20.05.20 09:56:59,1.70,1.70,1.70,1.70,75,20625,2.43,,
20.05.20 09:57:59,2.90,2.90,2.90,2.90,75,20625,2.50,,
20.05.20 09:59:59,1.65,1.65,1.65,1.65,300,20625,2.20,,
20.05.20 10:01:59,2.90,2.90,2.90,2.90,75,20325,2.25,,
20.05.20 10:18:59,1.65,1.65,1.65,1.65,75,20400,2.21,,
20.05.20 11:32:59,1.80,1.80,1.80,1.80,75,20325,2.18,,
20.05.20 11:36:59,1.80,1.80,1.80,1.80,150,20325,2.13,,
20.05.20 12:03:59,1.80,1.80,1.75,1.75,525,20475,2.02,,
20.05.20 12:04:59,1.75,1.75,1.75,1.75,525,0,1.95,,
20.05.20 12:19:59,1.45,1.45,1.45,1.45,150,20700,1.92,,
20.05.20 12:57:59,1.50,1.50,1.50,1.50,150,20625,1.90,,
20.05.20 13:14:59,1.55,1.55,1.55,1.55,150,20550,1.88,,
20.05.20 13:22:59,1.55,1.55,1.55,1.55,150,20700,1.86,,
20.05.20 13:51:59,1.55,1.55,1.55,1.55,150,20550,1.85,,
20.05.20 13:53:59,1.55,1.55,1.55,1.55,150,20550,1.83,,
20.05.20 14:06:59,1.55,1.55,1.55,1.55,150,20250,1.82,,
20.05.20 14:09:59,1.55,1.55,1.55,1.55,375,20175,1.79,,
20.05.20 14:20:59,1.55,1.55,1.55,1.55,150,20175,1.78,,
20.05.20 14:23:59,1.55,1.55,1.55,1.55,75,20175,1.78,,
20.05.20 14:26:59,1.60,1.60,1.60,1.60,300,20175,1.76,,
20.05.20 14:36:59,1.55,1.55,1.55,1.55,75,20175,1.76,,
20.05.20 15:26:59,2.40,2.40,2.40,2.40,525,20100,1.83,,
21.05.20 09:15:59,2.40,2.40,2.40,2.40,375,20100,2.40,,
21.05.20 09:23:59,1.50,1.50,1.50,1.50,75,20400,2.25,,
21.05.20 09:27:59,1.50,1.50,1.45,1.50,300,20400,1.94,,
21.05.20 09:28:59,1.50,1.50,1.45,1.45,525,20400,1.75,,
21.05.20 09:34:59,1.20,1.20,1.20,1.20,75,21000,1.71,,
21.05.20 09:36:59,1.15,1.15,1.15,1.15,450,20925,1.57,,
21.05.20 09:37:59,1.20,1.20,1.20,1.20,150,20925,1.54,,
21.05.20 09:38:59,1.15,1.15,1.15,1.15,1125,20475,1.40,,
21.05.20 09:42:59,1.15,1.15,1.15,1.15,150,21525,1.39,,
21.05.20 09:44:59,1.15,1.15,1.15,1.15,4350,21675,1.25,,
21.05.20 09:49:59,0.95,0.95,0.95,0.95,225,21675,1.24,,
21.05.20 10:02:59,0.85,0.85,0.80,0.80,1275,21750,1.18,,
21.05.20 10:04:59,0.75,0.75,0.75,0.75,150,21750,1.17,,
21.05.20 10:07:59,0.80,0.80,0.80,0.80,150,21975,1.17,,
21.05.20 10:42:59,0.80,0.80,0.80,0.80,1050,21975,1.13,,
21.05.20 10:44:59,0.90,0.95,0.90,0.95,375,23100,1.12,,
21.05.20 11:14:59,0.70,0.70,0.70,0.70,75,23175,1.12,,
21.05.20 11:27:59,0.80,0.80,0.80,0.80,150,23100,1.12,,
21.05.20 12:14:59,0.90,0.90,0.90,0.90,75,23100,1.11,,
21.05.20 12:17:59,0.90,0.90,0.90,0.90,525,23175,1.10,,
21.05.20 12:18:59,0.90,0.90,0.90,0.90,225,23700,1.10,,
21.05.20 12:22:59,0.80,0.80,0.80,0.80,600,23925,1.09,,
21.05.20 12:30:59,0.80,0.80,0.80,0.80,450,24000,1.08,,
21.05.20 12:35:59,0.75,0.75,0.75,0.75,75,24075,1.07,,
21.05.20 13:12:59,0.80,0.80,0.80,0.80,150,24000,1.07,,
21.05.20 13:13:59,0.80,0.80,0.80,0.80,150,24000,1.07,,
21.05.20 14:13:59,0.80,0.80,0.80,0.80,300,24300,1.06,,
21.05.20 14:22:59,0.75,0.75,0.75,0.75,75,24375,1.06,,
21.05.20 14:43:59,0.75,0.75,0.75,0.75,1200,24300,1.03,,
21.05.20 15:19:59,0.75,0.75,0.75,0.75,750,24300,1.02,,
21.05.20 15:20:59,0.70,0.70,0.70,0.70,75,24300,1.02,,
21.05.20 15:23:59,0.70,0.70,0.70,0.70,525,25125,1.01,,
21.05.20 15:24:59,0.60,0.60,0.60,0.60,75,25125,1.01,,
21.05.20 15:26:59,0.55,0.55,0.55,0.55,525,25500,0.99,,
21.05.20 15:30:00,0.70,0.70,0.70,0.70,150,24975,0.99,,
22.05.20 09:23:59,0.45,0.45,0.45,0.45,75,24975,0.45,,
22.05.20 09:24:59,0.45,0.45,0.45,0.45,75,24975,0.45,,
22.05.20 09:27:59,0.45,0.45,0.45,0.45,75,24975,0.45,,
22.05.20 09:33:59,0.80,0.80,0.80,0.80,75,24975,0.53,,
22.05.20 09:36:59,0.80,0.80,0.80,0.80,75,24975,0.59,,
22.05.20 09:37:59,0.65,0.65,0.65,0.65,75,24975,0.60,,
22.05.20 09:41:59,0.75,0.75,0.75,0.75,75,25125,0.62,,
22.05.20 09:59:59,0.35,0.35,0.35,0.35,1275,25200,0.51,,
22.05.20 10:07:59,0.70,0.70,0.70,0.70,75,25500,0.52,,
22.05.20 10:30:59,0.65,0.65,0.65,0.65,75,25575,0.52,,
22.05.20 10:32:59,0.70,0.70,0.70,0.70,150,25500,0.53,,
22.05.20 10:33:59,0.70,0.70,0.70,0.70,75,25500,0.54,,
22.05.20 11:02:59,0.55,0.55,0.55,0.55,75,25650,0.54,,
22.05.20 11:03:59,0.20,0.20,0.20,0.20,2325,25650,0.47,,
22.05.20 12:00:59,0.50,0.50,0.50,0.50,75,23625,0.47,,
22.05.20 12:20:59,0.45,0.50,0.45,0.50,1725,23625,0.48,,
22.05.20 12:21:59,0.50,0.50,0.50,0.50,26175,23625,0.49,,
22.05.20 12:22:59,0.50,0.50,0.50,0.50,22200,23625,0.49,,
22.05.20 12:23:59,0.60,0.60,0.50,0.50,9675,26025,0.49,,
22.05.20 12:24:59,0.50,0.50,0.45,0.45,13050,26025,0.49,,
22.05.20 12:25:59,0.45,0.50,0.45,0.50,7575,26025,0.49,,
22.05.20 12:27:59,0.50,0.50,0.50,0.50,150,23925,0.49,,
22.05.20 12:29:59,0.60,0.60,0.60,0.60,75,23925,0.49,,
22.05.20 12:31:59,0.60,0.60,0.60,0.60,75,23850,0.49,,
22.05.20 12:34:59,0.60,0.60,0.60,0.60,75,23925,0.49,,
22.05.20 13:06:59,0.60,0.60,0.60,0.60,525,24000,0.49,,
22.05.20 13:11:59,0.55,0.55,0.55,0.55,1200,24075,0.49,,
22.05.20 13:12:59,0.55,0.55,0.55,0.55,1125,24000,0.49,,
22.05.20 13:13:59,0.55,0.55,0.55,0.55,5175,24000,0.49,,
22.05.20 13:17:59,0.55,0.55,0.50,0.55,375,30300,0.49,,
22.05.20 13:18:59,0.55,0.55,0.55,0.55,1200,30225,0.49,,
22.05.20 13:19:59,0.55,0.55,0.50,0.55,225,30225,0.49,,
22.05.20 13:20:59,0.55,0.55,0.55,0.55,225,30225,0.49,,
22.05.20 13:36:59,0.40,0.40,0.40,0.40,75,0,0.49,,
22.05.20 13:57:59,0.40,0.40,0.40,0.40,75,30225,0.49,,
22.05.20 14:27:59,0.45,0.45,0.45,0.45,150,30150,0.49,,
22.05.20 14:33:59,0.50,0.50,0.50,0.50,4125,30000,0.49,,
22.05.20 14:37:59,0.50,0.50,0.50,0.50,3450,25875,0.49,,
22.05.20 15:08:59,0.85,0.85,0.85,0.85,1200,22425,0.50,,
22.05.20 15:16:59,0.50,0.50,0.50,0.50,75,23400,0.50,,
22.05.20 15:30:00,0.70,0.70,0.70,0.70,75,23400,0.50,,
26.05.20 09:21:59,0.35,0.35,0.35,0.35,75,23325,0.35,,
26.05.20 09:25:59,0.35,0.35,0.35,0.35,75,23325,0.35,,
26.05.20 09:31:59,0.35,0.35,0.35,0.35,75,23325,0.35,,
26.05.20 09:32:59,0.35,0.40,0.35,0.35,1200,23325,0.37,,
26.05.20 10:02:59,0.35,0.35,0.35,0.35,3675,22650,0.36,,
26.05.20 10:05:59,0.35,0.35,0.35,0.35,75,22500,0.36,,
26.05.20 10:08:59,0.40,0.40,0.40,0.40,1500,22350,0.37,,
26.05.20 10:16:59,0.35,0.35,0.35,0.35,150,22350,0.37,,
26.05.20 10:22:59,0.40,0.40,0.40,0.40,75,22200,0.37,,
26.05.20 10:23:59,0.40,0.40,0.40,0.40,1650,22200,0.37,,
26.05.20 10:43:59,0.40,0.40,0.40,0.40,150,22125,0.37,,
26.05.20 11:04:59,0.35,0.35,0.35,0.35,3150,21975,0.37,,
26.05.20 11:12:59,0.40,0.40,0.40,0.40,150,18975,0.37,,
26.05.20 11:58:59,0.20,0.20,0.20,0.20,75,18825,0.37,,
26.05.20 12:10:59,0.15,0.15,0.15,0.15,375,18825,0.36,,
26.05.20 14:42:59,0.40,0.40,0.40,0.40,75,18600,0.36,,
26.05.20 15:00:59,0.30,0.30,0.30,0.30,75,18600,0.36,,
26.05.20 15:01:59,0.45,0.45,0.45,0.45,2325,18600,0.37,,
26.05.20 15:09:59,0.40,0.40,0.40,0.40,75,17550,0.37,,
26.05.20 15:10:59,0.40,0.40,0.40,0.40,75,17550,0.37,,
26.05.20 15:26:59,0.25,0.25,0.25,0.25,375,17625,0.37,,
27.05.20 09:21:59,0.05,0.05,0.05,0.05,75,17250,0.05,,
27.05.20 09:31:59,0.10,0.10,0.10,0.10,75,17250,0.07,,
27.05.20 09:33:59,0.30,0.30,0.30,0.30,450,17250,0.24,,
27.05.20 09:43:59,0.10,0.10,0.10,0.10,75,17700,0.22,,
27.05.20 09:48:59,0.20,0.20,0.20,0.20,75,17700,0.22,,
27.05.20 10:05:59,0.05,0.05,0.05,0.05,1950,17625,0.10,,
27.05.20 10:33:59,0.10,0.10,0.10,0.10,450,18825,0.10,,
27.05.20 10:34:59,0.05,0.05,0.05,0.05,75,18825,0.09,,
27.05.20 10:37:59,0.15,0.15,0.15,0.15,300,18300,0.10,,
27.05.20 10:46:59,0.15,0.15,0.15,0.15,525,18000,0.10,,
27.05.20 10:50:59,0.25,0.25,0.25,0.25,150,17475,0.11,,
27.05.20 10:51:59,0.25,0.25,0.25,0.25,75,17625,0.11,,
27.05.20 10:56:59,0.30,0.30,0.30,0.30,75,17625,0.11,,
27.05.20 10:59:59,0.35,0.40,0.35,0.40,225,17625,0.13,,
27.05.20 11:01:59,0.30,0.30,0.30,0.30,75,17850,0.13,,
27.05.20 11:02:59,0.30,0.30,0.30,0.30,75,17850,0.13,,
27.05.20 11:13:59,0.30,0.30,0.30,0.30,75,17925,0.13,,
27.05.20 11:15:59,0.35,0.35,0.35,0.35,75,18000,0.14,,
27.05.20 12:16:59,0.20,0.20,0.20,0.20,75,18000,0.14,,
27.05.20 12:55:59,0.20,0.20,0.20,0.20,150,17925,0.14,,
27.05.20 13:14:59,0.15,0.15,0.15,0.15,150,17925,0.14,,
27.05.20 14:12:59,0.15,0.15,0.15,0.15,150,17775,0.14,,
27.05.20 14:52:59,0.25,0.25,0.25,0.25,450,17775,0.15,,
27.05.20 15:08:59,0.45,0.45,0.45,0.45,3075,17325,0.23,,
27.05.20 15:09:59,0.45,0.45,0.45,0.45,75,16725,0.23,,
27.05.20 15:16:59,0.15,0.15,0.15,0.15,75,16800,0.23,,
27.05.20 15:20:59,0.15,0.15,0.10,0.10,150,16800,0.23,,
27.05.20 15:23:59,0.10,0.10,0.05,0.05,375,16800,0.22,,
27.05.20 15:26:59,0.05,0.05,0.05,0.05,375,16425,0.21,,
28.05.20 09:18:59,0.05,0.05,0.05,0.05,75,16050,0.05,,
28.05.20 09:28:59,0.10,0.10,0.05,0.05,225,15975,0.07,,
28.05.20 10:03:59,0.05,0.05,0.05,0.05,75,16050,0.07,,
28.05.20 10:05:59,0.05,0.05,0.05,0.05,75,15975,0.06,,
28.05.20 10:09:59,0.15,0.15,0.15,0.15,150,15900,0.08,,
28.05.20 10:34:59,0.15,0.15,0.15,0.15,75,15900,0.09,,
28.05.20 10:35:59,0.15,0.15,0.15,0.15,75,15900,0.10,,
28.05.20 10:53:59,0.05,0.05,0.05,0.05,150,16050,0.09,,
28.05.20 10:58:59,0.15,0.15,0.15,0.15,300,15900,0.10,,
28.05.20 12:41:59,0.05,0.05,0.05,0.05,150,15900,0.10,,
28.05.20 12:43:59,0.05,0.05,0.05,0.05,225,15750,0.09,,
28.05.20 13:25:59,0.05,0.05,0.05,0.05,75,15525,0.09,,
28.05.20 13:51:59,0.05,0.05,0.05,0.05,1275,15450,0.07,,
